{
  "Full ACE (baseline)": {
    "precision": [
      0.6666666666666666,
      0.6666666666666666,
      0.6666666666666666,
      0.3333333333333333
    ],
    "recall": [
      0.6666666666666666,
      1.0,
      1.0,
      1.0
    ],
    "top1_hits": 4,
    "avg_precision": 0.5833333333333334,
    "avg_recall": 0.9166666666666666,
    "top1_accuracy": 1.0,
    "f1": 0.7129629629629629
  },
  "No TF-IDF": {
    "precision": [
      1.0,
      0.6666666666666666,
      0.6666666666666666,
      0.3333333333333333
    ],
    "recall": [
      1.0,
      1.0,
      1.0,
      1.0
    ],
    "top1_hits": 4,
    "avg_precision": 0.6666666666666666,
    "avg_recall": 1.0,
    "top1_accuracy": 1.0,
    "f1": 0.8
  },
  "No Tags": {
    "precision": [
      0.6666666666666666,
      0.6666666666666666,
      0.3333333333333333,
      0.3333333333333333
    ],
    "recall": [
      0.6666666666666666,
      1.0,
      0.5,
      1.0
    ],
    "top1_hits": 4,
    "avg_precision": 0.49999999999999994,
    "avg_recall": 0.7916666666666666,
    "top1_accuracy": 1.0,
    "f1": 0.6129032258064516
  },
  "No Feedback": {
    "precision": [
      0.6666666666666666,
      0.6666666666666666,
      0.6666666666666666,
      0.3333333333333333
    ],
    "recall": [
      0.6666666666666666,
      1.0,
      1.0,
      1.0
    ],
    "top1_hits": 4,
    "avg_precision": 0.5833333333333334,
    "avg_recall": 0.9166666666666666,
    "top1_accuracy": 1.0,
    "f1": 0.7129629629629629
  },
  "Random (control)": {
    "precision": [
      0.3333333333333333,
      0.0,
      0.3333333333333333,
      0.0
    ],
    "recall": [
      0.3333333333333333,
      0.0,
      0.5,
      0.0
    ],
    "top1_hits": 1,
    "avg_precision": 0.16666666666666666,
    "avg_recall": 0.20833333333333331,
    "top1_accuracy": 0.25,
    "f1": 0.18518518518518515
  }
}